"STATION","NAME","LATITUDE","LONGITUDE","ELEVATION","DATE","PRCP","PRCP_ATTRIBUTES","SNWD","SNWD_ATTRIBUTES","TMAX","TMAX_ATTRIBUTES","TMIN","TMIN_ATTRIBUTES"
"USC00048273","SKYLINE RIDGE PRESERVE, CA US","37.3133","-122.185","691.9","2020-01-01","0.0",",,7,1600",,,"15.0",",,7","6.1",",,7"
"USC00048273","SKYLINE RIDGE PRESERVE, CA US","37.3133","-122.185","691.9","2020-01-02","0.0",",,7,1600",,,"12.2",",,7","5.6",",,7"
"USC00048273","SKYLINE RIDGE PRESERVE, CA US","37.3133","-122.185","691.9","2020-01-03","0.0",",,7,1600",,,"16.1",",,7","6.1",",,7"
"USC00048273","SKYLINE RIDGE PRESERVE, CA US","37.3133","-122.185","691.9","2020-01-04","2.0",",,7,1600",,,"12.8",",,7","3.9",",,7"
"USC00048273","SKYLINE RIDGE PRESERVE, CA US","37.3133","-122.185","691.9","2020-01-05","0.0",",,7,1600",,,"11.1",",,7","2.8",",,7"
"USC00048273","SKYLINE RIDGE PRESERVE, CA US","37.3133","-122.185","691.9","2020-01-06","0.0",",,7,1600",,,"11.7",",,7","3.9",",,7"
"USC00048273","SKYLINE RIDGE PRESERVE, CA US","37.3133","-122.185","691.9","2020-01-07","2.0",",,7,1600",,,"16.1",",,7","5.0",",,7"
"USC00048273","SKYLINE RIDGE PRESERVE, CA US","37.3133","-122.185","691.9","2020-01-08","2.8",",,7,1600",,,"10.6",",,7","3.9",",,7"
"USC00048273","SKYLINE RIDGE PRESERVE, CA US","37.3133","-122.185","691.9","2020-01-09","10.7",",,7,1600",,,"6.7",",,7","3.3",",,7"
"USC00048273","SKYLINE RIDGE PRESERVE, CA US","37.3133","-122.185","691.9","2020-01-10","0.3",",,7,1600",,,"14.4",",,7","1.1",",,7"
"USC00048273","SKYLINE RIDGE PRESERVE, CA US","37.3133","-122.185","691.9","2020-01-11","2.0",",,7,1600",,,"9.4",",,7","2.8",",,7"
"USC00048273","SKYLINE RIDGE PRESERVE, CA US","37.3133","-122.185","691.9","2020-01-12","2.0",",,7,1600",,,"8.3",",,7","1.1",",,7"
"USC00048273","SKYLINE RIDGE PRESERVE, CA US","37.3133","-122.185","691.9","2020-01-13","2.5",",,7,1600",,,"7.8",",,7","2.8",",,7"
"USC00048273","SKYLINE RIDGE PRESERVE, CA US","37.3133","-122.185","691.9","2020-01-14","7.9",",,7,1600",,,"7.8",",,7","1.1",",,7"
"USC00048273","SKYLINE RIDGE PRESERVE, CA US","37.3133","-122.185","691.9","2020-01-15","0.0",",,7,1600",,,"7.8",",,7","-0.6",",,7"
"USC00048273","SKYLINE RIDGE PRESERVE, CA US","37.3133","-122.185","691.9","2020-01-16","26.9",",,7,1600",,,"4.4",",,7","2.2",",,7"
"USC00048273","SKYLINE RIDGE PRESERVE, CA US","37.3133","-122.185","691.9","2020-01-17","0.0",",,7,1600",,,"9.4",",,7","0.6",",,7"
"USC00048273","SKYLINE RIDGE PRESERVE, CA US","37.3133","-122.185","691.9","2020-01-18","0.0",",,7,1600",,,"10.6",",,7","1.7",",,7"
"USC00048273","SKYLINE RIDGE PRESERVE, CA US","37.3133","-122.185","691.9","2020-01-19","0.0",",,7,1600",,,"15.0",",,7","3.9",",,7"
"USC00048273","SKYLINE RIDGE PRESERVE, CA US","37.3133","-122.185","691.9","2020-01-20","0.0",",,7,1600",,,"13.9",",,7","5.0",",,7"
"USC00048273","SKYLINE RIDGE PRESERVE, CA US","37.3133","-122.185","691.9","2020-01-21","10.4",",,7,1600",,,"8.3",",,7","6.1",",,7"
"USC00048273","SKYLINE RIDGE PRESERVE, CA US","37.3133","-122.185","691.9","2020-01-22","3.0",",,7,1600",,,"13.3",",,7","7.2",",,7"
"USC00048273","SKYLINE RIDGE PRESERVE, CA US","37.3133","-122.185","691.9","2020-01-23","0.0",",,7,1600",,,"16.7",",,7","5.6",",,7"
"USC00048273","SKYLINE RIDGE PRESERVE, CA US","37.3133","-122.185","691.9","2020-01-24","0.0",",,7,1600",,,"16.7",",,7","7.2",",,7"
"USC00048273","SKYLINE RIDGE PRESERVE, CA US","37.3133","-122.185","691.9","2020-01-25","0.0",",,7,1600",,,"17.2",",,7","8.9",",,7"
"USC00048273","SKYLINE RIDGE PRESERVE, CA US","37.3133","-122.185","691.9","2020-01-26","8.4",",,7,1600",,,"11.1",",,7","5.0",",,7"
"USC00048273","SKYLINE RIDGE PRESERVE, CA US","37.3133","-122.185","691.9","2020-01-27","0.0",",,7,1600",,,"13.9",",,7","9.4",",,7"
"USC00048273","SKYLINE RIDGE PRESERVE, CA US","37.3133","-122.185","691.9","2020-01-28","1.3",",,7,1600",,,"11.1",",,7","5.0",",,7"
"USC00048273","SKYLINE RIDGE PRESERVE, CA US","37.3133","-122.185","691.9","2020-01-29","0.0",",,7,1600",,,"14.4",",,7","5.0",",,7"
"USC00048273","SKYLINE RIDGE PRESERVE, CA US","37.3133","-122.185","691.9","2020-01-30","0.0",",,7,1600",,,"13.3",",,7","8.9",",,7"
"USC00048273","SKYLINE RIDGE PRESERVE, CA US","37.3133","-122.185","691.9","2020-01-31","0.0",",,7,1600",,,"18.9",",,7","10.6",",,7"
"USC00048273","SKYLINE RIDGE PRESERVE, CA US","37.3133","-122.185","691.9","2020-02-01","0.0",",,7,1600",,,"20.0",",,7","10.0",",,7"
"USC00048273","SKYLINE RIDGE PRESERVE, CA US","37.3133","-122.185","691.9","2020-02-02","0.0",",,7,1600",,,"12.8",",,7","0.6",",,7"
"USC00048273","SKYLINE RIDGE PRESERVE, CA US","37.3133","-122.185","691.9","2020-02-03","0.0",",,7,1600",,,"7.2",",,7","-1.1",",,7"
"USC00048273","SKYLINE RIDGE PRESERVE, CA US","37.3133","-122.185","691.9","2020-02-04","0.0",",,7,1600",,,"7.8",",,7","0.6",",,7"
"USC00048273","SKYLINE RIDGE PRESERVE, CA US","37.3133","-122.185","691.9","2020-02-05","0.0",",,7,1600",,,"14.4",",,7","3.3",",,7"
"USC00048273","SKYLINE RIDGE PRESERVE, CA US","37.3133","-122.185","691.9","2020-02-06","0.0",",,7,1600",,,"16.1",",,7","8.9",",,7"
"USC00048273","SKYLINE RIDGE PRESERVE, CA US","37.3133","-122.185","691.9","2020-02-07","0.0",",,7,1600",,,"20.0",",,7","10.6",",,7"
"USC00048273","SKYLINE RIDGE PRESERVE, CA US","37.3133","-122.185","691.9","2020-02-08","0.0",",,7,1600",,,"16.1",",,7","6.1",",,7"
"USC00048273","SKYLINE RIDGE PRESERVE, CA US","37.3133","-122.185","691.9","2020-02-09","0.0",",,7,1600",,,"11.1",",,7","3.3",",,7"
"USC00048273","SKYLINE RIDGE PRESERVE, CA US","37.3133","-122.185","691.9","2020-02-10","0.0",",,7,1600",,,"16.1",",,7","5.6",",,7"
"USC00048273","SKYLINE RIDGE PRESERVE, CA US","37.3133","-122.185","691.9","2020-02-11","0.0",",,7,1600",,,"17.8",",,7","10.0",",,7"
"USC00048273","SKYLINE RIDGE PRESERVE, CA US","37.3133","-122.185","691.9","2020-02-12","0.0",",,7,1600",,,"17.8",",,7","8.3",",,7"
"USC00048273","SKYLINE RIDGE PRESERVE, CA US","37.3133","-122.185","691.9","2020-02-13","0.0",",,7,1600",,,"12.8",",,7","3.3",",,7"
"USC00048273","SKYLINE RIDGE PRESERVE, CA US","37.3133","-122.185","691.9","2020-02-14","0.0",",,7,1600",,,"15.6",",,7","1.1",",,7"
"USC00048273","SKYLINE RIDGE PRESERVE, CA US","37.3133","-122.185","691.9","2020-02-15","0.0",",,7,1600",,,"18.9",",,7","7.2",",,7"
"USC00048273","SKYLINE RIDGE PRESERVE, CA US","37.3133","-122.185","691.9","2020-02-16","0.0",",,7,1600",,,"16.1",",,7","4.4",",,7"
"USC00048273","SKYLINE RIDGE PRESERVE, CA US","37.3133","-122.185","691.9","2020-02-17","0.0",",,7,1600",,,"16.7",",,7","7.2",",,7"
"USC00048273","SKYLINE RIDGE PRESERVE, CA US","37.3133","-122.185","691.9","2020-02-18","0.0",",,7,1600",,,"16.7",",,7","7.2",",,7"
"USC00048273","SKYLINE RIDGE PRESERVE, CA US","37.3133","-122.185","691.9","2020-02-19","0.0",",,7,1600",,,"17.2",",,7","6.1",",,7"
"USC00048273","SKYLINE RIDGE PRESERVE, CA US","37.3133","-122.185","691.9","2020-02-20","0.0",",,7,1600",,,"17.2",",,7","7.2",",,7"
"USC00048273","SKYLINE RIDGE PRESERVE, CA US","37.3133","-122.185","691.9","2020-02-21","0.0",",,7,1600",,,"16.7",",,7","8.3",",,7"
"USC00048273","SKYLINE RIDGE PRESERVE, CA US","37.3133","-122.185","691.9","2020-02-22","0.0",",,7,1600",,,"13.9",",,7","5.0",",,7"
"USC00048273","SKYLINE RIDGE PRESERVE, CA US","37.3133","-122.185","691.9","2020-02-23","0.3",",,7,1600",,,"12.8",",,7","4.4",",,7"
"USC00048273","SKYLINE RIDGE PRESERVE, CA US","37.3133","-122.185","691.9","2020-02-24","0.0",",,7,1600",,,"17.2",",,7","6.1",",,7"
"USC00048273","SKYLINE RIDGE PRESERVE, CA US","37.3133","-122.185","691.9","2020-02-25","0.0",",,7,1600",,,"18.9",",,7","9.4",",,7"
"USC00048273","SKYLINE RIDGE PRESERVE, CA US","37.3133","-122.185","691.9","2020-02-26","0.0",",,7,1600",,,"22.8",",,7","10.6",",,7"
"USC00048273","SKYLINE RIDGE PRESERVE, CA US","37.3133","-122.185","691.9","2020-02-27","0.0",",,7,1600",,,"22.2",",,7","10.6",",,7"
"USC00048273","SKYLINE RIDGE PRESERVE, CA US","37.3133","-122.185","691.9","2020-02-28","0.0",",,7,1600",,,"23.3",",,7","11.1",",,7"
"USC00048273","SKYLINE RIDGE PRESERVE, CA US","37.3133","-122.185","691.9","2020-02-29","0.0",",,7,1600",,,"12.8",",,7","3.9",",,7"
"USC00048273","SKYLINE RIDGE PRESERVE, CA US","37.3133","-122.185","691.9","2020-03-01","0.0",",,7,1600","0.0",",,7,1600","9.4",",,7","2.2",",,7"
"USC00048273","SKYLINE RIDGE PRESERVE, CA US","37.3133","-122.185","691.9","2020-03-02","0.0",",,7,1600","0.0",",,7,1600","16.1",",,7","5.0",",,7"
"USC00048273","SKYLINE RIDGE PRESERVE, CA US","37.3133","-122.185","691.9","2020-03-03","0.0",",,7,1600","0.0",",,7,1600","20.6",",,7","11.1",",,7"
"USC00048273","SKYLINE RIDGE PRESERVE, CA US","37.3133","-122.185","691.9","2020-03-04","0.0",",,7,1600","0.0",",,7,1600","23.3",",,7","11.1",",,7"
"USC00048273","SKYLINE RIDGE PRESERVE, CA US","37.3133","-122.185","691.9","2020-03-05","0.0",",,7,1600","0.0",",,7,1600","18.9",",,7","11.1",",,7"
"USC00048273","SKYLINE RIDGE PRESERVE, CA US","37.3133","-122.185","691.9","2020-03-06","1.3",",,7,1600","0.0",",,7,1600","15.0",",,7","5.0",",,7"
"USC00048273","SKYLINE RIDGE PRESERVE, CA US","37.3133","-122.185","691.9","2020-03-07","10.9",",,7,1600","0.0",",,7,1600","7.2",",,7","2.8",",,7"
"USC00048273","SKYLINE RIDGE PRESERVE, CA US","37.3133","-122.185","691.9","2020-03-08","0.3",",,7,1600","0.0",",,7,1600","9.4",",,7","1.7",",,7"
"USC00048273","SKYLINE RIDGE PRESERVE, CA US","37.3133","-122.185","691.9","2020-03-09","0.0",",,7,1600","0.0",",,7,1600","13.3",",,7","3.3",",,7"
"USC00048273","SKYLINE RIDGE PRESERVE, CA US","37.3133","-122.185","691.9","2020-03-10","0.0",",,7,1600","0.0",",,7,1600","16.1",",,7","7.8",",,7"
"USC00048273","SKYLINE RIDGE PRESERVE, CA US","37.3133","-122.185","691.9","2020-03-11","0.5",",,7,1600","0.0",",,7,1600","18.9",",,7","7.2",",,7"
"USC00048273","SKYLINE RIDGE PRESERVE, CA US","37.3133","-122.185","691.9","2020-03-12","0.0",",,7,1600","0.0",",,7,1600","21.1",",,7","8.9",",,7"
"USC00048273","SKYLINE RIDGE PRESERVE, CA US","37.3133","-122.185","691.9","2020-03-13","0.0",",,7,1600","0.0",",,7,1600","12.8",",,7","5.6",",,7"
"USC00048273","SKYLINE RIDGE PRESERVE, CA US","37.3133","-122.185","691.9","2020-03-14","23.9",",,7,1600","0.0",",,7,1600","6.1",",,7","3.9",",,7"
"USC00048273","SKYLINE RIDGE PRESERVE, CA US","37.3133","-122.185","691.9","2020-03-15","15.7",",,7,1600","0.0",",,7,1600","5.0",",,7","3.3",",,7"
"USC00048273","SKYLINE RIDGE PRESERVE, CA US","37.3133","-122.185","691.9","2020-03-16","6.6",",,7,1600","0.0",",,7,1600","10.0",",,7","0.0",",,7"
"USC00048273","SKYLINE RIDGE PRESERVE, CA US","37.3133","-122.185","691.9","2020-03-17","4.1",",,7,1600","0.0",",,7,1600","7.2",",,7","0.0",",,7"
"USC00048273","SKYLINE RIDGE PRESERVE, CA US","37.3133","-122.185","691.9","2020-03-18","1.5",",,7,1600","0.0",",,7,1600","6.1",",,7","1.1",",,7"
"USC00048273","SKYLINE RIDGE PRESERVE, CA US","37.3133","-122.185","691.9","2020-03-19","0.5",",,7,1600","0.0",",,7,1600","10.6",",,7","2.8",",,7"
"USC00048273","SKYLINE RIDGE PRESERVE, CA US","37.3133","-122.185","691.9","2020-03-20","0.3",",,7,1600","0.0",",,7,1600","11.7",",,7","1.7",",,7"
"USC00048273","SKYLINE RIDGE PRESERVE, CA US","37.3133","-122.185","691.9","2020-03-21","0.0",",,7,1600","0.0",",,7,1600","11.1",",,7","5.0",",,7"
"USC00048273","SKYLINE RIDGE PRESERVE, CA US","37.3133","-122.185","691.9","2020-03-22","5.6",",,7,1600","0.0",",,7,1600","14.4",",,7","6.1",",,7"
"USC00048273","SKYLINE RIDGE PRESERVE, CA US","37.3133","-122.185","691.9","2020-03-23","0.5",",,7,1600","0.0",",,7,1600","6.7",",,7","4.4",",,7"
"USC00048273","SKYLINE RIDGE PRESERVE, CA US","37.3133","-122.185","691.9","2020-03-24","7.9",",,7,1600","0.0",",,7,1600","6.1",",,7","1.7",",,7"
"USC00048273","SKYLINE RIDGE PRESERVE, CA US","37.3133","-122.185","691.9","2020-03-25","2.0",",,7,1600","0.0",",,7,1600","8.3",",,7","1.1",",,7"
"USC00048273","SKYLINE RIDGE PRESERVE, CA US","37.3133","-122.185","691.9","2020-03-26","0.0",",,7,1600","0.0",",,7,1600","11.1",",,7","-0.6",",,7"
"USC00048273","SKYLINE RIDGE PRESERVE, CA US","37.3133","-122.185","691.9","2020-03-27","0.0",",,7,1600","0.0",",,7,1600","11.1",",,7","2.2",",,7"
"USC00048273","SKYLINE RIDGE PRESERVE, CA US","37.3133","-122.185","691.9","2020-03-28","2.8",",,7,1600","0.0",",,7,1600","8.9",",,7","5.0",",,7"
"USC00048273","SKYLINE RIDGE PRESERVE, CA US","37.3133","-122.185","691.9","2020-03-29","0.5",",,7,1600","0.0",",,7,1600","11.1",",,7","5.6",",,7"
"USC00048273","SKYLINE RIDGE PRESERVE, CA US","37.3133","-122.185","691.9","2020-03-30","0.5",",,7,1600","0.0",",,7,1600","15.6",",,7","5.0",",,7"
"USC00048273","SKYLINE RIDGE PRESERVE, CA US","37.3133","-122.185","691.9","2020-03-31","0.0",",,7,1600","0.0",",,7,1600","17.8",",,7","5.0",",,7"
"USC00048273","SKYLINE RIDGE PRESERVE, CA US","37.3133","-122.185","691.9","2020-04-01","0.0",",,7,1600",,,"12.8",",,7","2.2",",,7"
"USC00048273","SKYLINE RIDGE PRESERVE, CA US","37.3133","-122.185","691.9","2020-04-02","0.0",",,7,1600",,,"15.6",",,7","3.3",",,7"
"USC00048273","SKYLINE RIDGE PRESERVE, CA US","37.3133","-122.185","691.9","2020-04-03","0.0",",,7,1600",,,"14.4",",,7","2.2",",,7"
"USC00048273","SKYLINE RIDGE PRESERVE, CA US","37.3133","-122.185","691.9","2020-04-04","22.9",",,7,1600",,,"8.3",",,7","2.8",",,7"
"USC00048273","SKYLINE RIDGE PRESERVE, CA US","37.3133","-122.185","691.9","2020-04-05","31.2",",,7,1600",,,"7.2",",,7","2.2",",,7"
"USC00048273","SKYLINE RIDGE PRESERVE, CA US","37.3133","-122.185","691.9","2020-04-06","12.7",",,7,1600",,,"5.0",",,7","2.2",",,7"
"USC00048273","SKYLINE RIDGE PRESERVE, CA US","37.3133","-122.185","691.9","2020-04-07","2.5",",,7,1600",,,"14.4",",,7","0.6",",,7"
"USC00048273","SKYLINE RIDGE PRESERVE, CA US","37.3133","-122.185","691.9","2020-04-08","0.0",",,7,1600",,,"12.8",",,7","5.0",",,7"
"USC00048273","SKYLINE RIDGE PRESERVE, CA US","37.3133","-122.185","691.9","2020-04-09","0.8",",,7,1600",,,"12.8",",,7","6.1",",,7"
"USC00048273","SKYLINE RIDGE PRESERVE, CA US","37.3133","-122.185","691.9","2020-04-10","0.0",",,7,1600",,,"15.0",",,7","6.7",",,7"
"USC00048273","SKYLINE RIDGE PRESERVE, CA US","37.3133","-122.185","691.9","2020-04-11","0.0",",,7,1600",,,"14.4",",,7","6.1",",,7"
"USC00048273","SKYLINE RIDGE PRESERVE, CA US","37.3133","-122.185","691.9","2020-04-12","0.8",",,7,1600",,,"15.6",",,7","5.6",",,7"
"USC00048273","SKYLINE RIDGE PRESERVE, CA US","37.3133","-122.185","691.9","2020-04-13","0.0",",,7,1600",,,"15.0",",,7","5.6",",,7"
"USC00048273","SKYLINE RIDGE PRESERVE, CA US","37.3133","-122.185","691.9","2020-04-14","0.0",",,7,1600",,,"21.7",",,7","8.3",",,7"
"USC00048273","SKYLINE RIDGE PRESERVE, CA US","37.3133","-122.185","691.9","2020-04-15","0.0",",,7,1600",,,"23.9",",,7","12.2",",,7"
"USC00048273","SKYLINE RIDGE PRESERVE, CA US","37.3133","-122.185","691.9","2020-04-16","0.0",",,7,1600",,,"15.6",",,7","6.1",",,7"
"USC00048273","SKYLINE RIDGE PRESERVE, CA US","37.3133","-122.185","691.9","2020-04-17","0.0",",,7,1600",,,"11.7",",,7","6.1",",,7"
"USC00048273","SKYLINE RIDGE PRESERVE, CA US","37.3133","-122.185","691.9","2020-04-18","0.0",",,7,1600",,,"16.1",",,7","4.4",",,7"
"USC00048273","SKYLINE RIDGE PRESERVE, CA US","37.3133","-122.185","691.9","2020-04-19","0.0",",,7,1600",,,"16.1",",,7","4.4",",,7"
"USC00048273","SKYLINE RIDGE PRESERVE, CA US","37.3133","-122.185","691.9","2020-04-20","0.0",",,7,1600",,,"13.9",",,7","6.1",",,7"
"USC00048273","SKYLINE RIDGE PRESERVE, CA US","37.3133","-122.185","691.9","2020-04-21","0.0",",,7,1600",,,"18.9",",,7","6.1",",,7"
"USC00048273","SKYLINE RIDGE PRESERVE, CA US","37.3133","-122.185","691.9","2020-04-22","0.0",",,7,1600",,,"22.8",",,7","5.6",",,7"
"USC00048273","SKYLINE RIDGE PRESERVE, CA US","37.3133","-122.185","691.9","2020-04-23","0.0",",,7,1600",,,"22.8",",,7","12.2",",,7"
"USC00048273","SKYLINE RIDGE PRESERVE, CA US","37.3133","-122.185","691.9","2020-04-24","0.0",",,7,1600",,,"26.7",",,7","13.9",",,7"
"USC00048273","SKYLINE RIDGE PRESERVE, CA US","37.3133","-122.185","691.9","2020-04-25","0.0",",,7,1600",,,"26.7",",,7","10.0",",,7"
"USC00048273","SKYLINE RIDGE PRESERVE, CA US","37.3133","-122.185","691.9","2020-04-26","0.0",",,7,1600",,,"23.3",",,7","12.8",",,7"
"USC00048273","SKYLINE RIDGE PRESERVE, CA US","37.3133","-122.185","691.9","2020-04-27","0.0",",,7,1600",,,"22.8",",,7","12.2",",,7"
"USC00048273","SKYLINE RIDGE PRESERVE, CA US","37.3133","-122.185","691.9","2020-04-28","0.0",",,7,1600",,,"21.1",",,7","13.9",",,7"
"USC00048273","SKYLINE RIDGE PRESERVE, CA US","37.3133","-122.185","691.9","2020-04-29","0.0",",,7,1600",,,"22.2",",,7","10.0",",,7"
"USC00048273","SKYLINE RIDGE PRESERVE, CA US","37.3133","-122.185","691.9","2020-04-30","0.0",",,7,1600",,,"21.7",",,7","9.4",",,7"
"USC00048273","SKYLINE RIDGE PRESERVE, CA US","37.3133","-122.185","691.9","2020-05-01","0.0",",,7,1600",,,"21.7",",,7","8.3",",,7"
"USC00048273","SKYLINE RIDGE PRESERVE, CA US","37.3133","-122.185","691.9","2020-05-02","0.0",",,7,1600",,,"18.9",",,7","8.9",",,7"
"USC00048273","SKYLINE RIDGE PRESERVE, CA US","37.3133","-122.185","691.9","2020-05-03","0.0",",,7,1600",,,"17.2",",,7","6.1",",,7"
"USC00048273","SKYLINE RIDGE PRESERVE, CA US","37.3133","-122.185","691.9","2020-05-04","0.0",",,7,1600",,,"23.3",",,7","8.3",",,7"
"USC00048273","SKYLINE RIDGE PRESERVE, CA US","37.3133","-122.185","691.9","2020-05-05","0.0",",,7,1600",,,"22.8",",,7","7.8",",,7"
"USC00048273","SKYLINE RIDGE PRESERVE, CA US","37.3133","-122.185","691.9","2020-05-06","0.0",",,7,1600",,,"23.9",",,7","8.3",",,7"
"USC00048273","SKYLINE RIDGE PRESERVE, CA US","37.3133","-122.185","691.9","2020-05-07","0.0",",,7,1600",,,"27.8",",,7","15.0",",,7"
"USC00048273","SKYLINE RIDGE PRESERVE, CA US","37.3133","-122.185","691.9","2020-05-08","0.0",",,7,1600",,,"31.1",",,7","17.2",",,7"
"USC00048273","SKYLINE RIDGE PRESERVE, CA US","37.3133","-122.185","691.9","2020-05-09","0.0",",,7,1600",,,"26.1",",,7","15.6",",,7"
"USC00048273","SKYLINE RIDGE PRESERVE, CA US","37.3133","-122.185","691.9","2020-05-10","0.0",",,7,1600",,,"20.0",",,7","7.2",",,7"
"USC00048273","SKYLINE RIDGE PRESERVE, CA US","37.3133","-122.185","691.9","2020-05-11","4.6",",,7,1600",,,"17.8",",,7","6.7",",,7"
"USC00048273","SKYLINE RIDGE PRESERVE, CA US","37.3133","-122.185","691.9","2020-05-12","5.3",",,7,1600",,,"11.1",",,7","7.8",",,7"
"USC00048273","SKYLINE RIDGE PRESERVE, CA US","37.3133","-122.185","691.9","2020-05-13","0.3",",,7,1600",,,"15.0",",,7","5.0",",,7"
"USC00048273","SKYLINE RIDGE PRESERVE, CA US","37.3133","-122.185","691.9","2020-05-14","0.5",",,7,1600",,,"16.1",",,7","7.8",",,7"
"USC00048273","SKYLINE RIDGE PRESERVE, CA US","37.3133","-122.185","691.9","2020-05-15","0.0",",,7,1600",,,"20.6",",,7","7.8",",,7"
"USC00048273","SKYLINE RIDGE PRESERVE, CA US","37.3133","-122.185","691.9","2020-05-16","0.0",",,7,1600",,,"20.6",",,7","10.6",",,7"
"USC00048273","SKYLINE RIDGE PRESERVE, CA US","37.3133","-122.185","691.9","2020-05-17","11.9",",,7,1600",,,"17.2",",,7","10.0",",,7"
"USC00048273","SKYLINE RIDGE PRESERVE, CA US","37.3133","-122.185","691.9","2020-05-18","6.6",",,7,1600",,,"13.3",",,7","7.8",",,7"
"USC00048273","SKYLINE RIDGE PRESERVE, CA US","37.3133","-122.185","691.9","2020-05-19","0.0",",,7,1600",,,"15.0",",,7","5.6",",,7"
"USC00048273","SKYLINE RIDGE PRESERVE, CA US","37.3133","-122.185","691.9","2020-05-20","1.3",",,7,1600",,,"17.8",",,7","7.2",",,7"
"USC00048273","SKYLINE RIDGE PRESERVE, CA US","37.3133","-122.185","691.9","2020-05-21","0.0",",,7,1600",,,"21.7",",,7","7.8",",,7"
"USC00048273","SKYLINE RIDGE PRESERVE, CA US","37.3133","-122.185","691.9","2020-05-22","0.0",",,7,1600",,,"20.0",",,7","5.6",",,7"
"USC00048273","SKYLINE RIDGE PRESERVE, CA US","37.3133","-122.185","691.9","2020-05-23","0.0",",,7,1600",,,"23.3",",,7","11.7",",,7"
"USC00048273","SKYLINE RIDGE PRESERVE, CA US","37.3133","-122.185","691.9","2020-05-24","0.0",",,7,1600",,,"27.8",",,7","14.4",",,7"
"USC00048273","SKYLINE RIDGE PRESERVE, CA US","37.3133","-122.185","691.9","2020-05-25","0.0",",,7,1600",,,"32.2",",,7","18.9",",,7"
"USC00048273","SKYLINE RIDGE PRESERVE, CA US","37.3133","-122.185","691.9","2020-05-26","0.0",",,7,1600",,,"33.3",",,7","20.0",",,7"
"USC00048273","SKYLINE RIDGE PRESERVE, CA US","37.3133","-122.185","691.9","2020-05-27","0.0",",,7,1600",,,"33.9",",,7","20.6",",,7"
"USC00048273","SKYLINE RIDGE PRESERVE, CA US","37.3133","-122.185","691.9","2020-05-28","0.0",",,7,1600",,,"29.4",",,7","16.1",",,7"
"USC00048273","SKYLINE RIDGE PRESERVE, CA US","37.3133","-122.185","691.9","2020-05-29","0.0",",,7,1600",,,"20.6",",,7","10.6",",,7"
"USC00048273","SKYLINE RIDGE PRESERVE, CA US","37.3133","-122.185","691.9","2020-05-30","0.0",",,7,1600",,,"16.1",",,7","10.6",",,7"
"USC00048273","SKYLINE RIDGE PRESERVE, CA US","37.3133","-122.185","691.9","2020-05-31","0.0",",,7,1600",,,"18.3",",,7","8.3",",,7"
"USC00048273","SKYLINE RIDGE PRESERVE, CA US","37.3133","-122.185","691.9","2020-06-01","0.0",",,7,1600",,,"23.3",",,7","10.0",",,7"
"USC00048273","SKYLINE RIDGE PRESERVE, CA US","37.3133","-122.185","691.9","2020-06-02","0.0",",,7,1600",,,"30.0",",,7","15.6",",,7"
"USC00048273","SKYLINE RIDGE PRESERVE, CA US","37.3133","-122.185","691.9","2020-06-03","0.0",",,7,1600",,,"33.3",",,7","19.4",",,7"
"USC00048273","SKYLINE RIDGE PRESERVE, CA US","37.3133","-122.185","691.9","2020-06-04","0.0",",,7,1600",,,"32.8",",,7","11.7",",,7"
"USC00048273","SKYLINE RIDGE PRESERVE, CA US","37.3133","-122.185","691.9","2020-06-05","0.0",",,7,1600",,,"17.2",",,7","8.3",",,7"
"USC00048273","SKYLINE RIDGE PRESERVE, CA US","37.3133","-122.185","691.9","2020-06-06","0.0",",,7,1600",,,"17.2",",,7","7.2",",,7"
"USC00048273","SKYLINE RIDGE PRESERVE, CA US","37.3133","-122.185","691.9","2020-06-07","0.0",",,7,1600",,,"16.1",",,7","6.1",",,7"
"USC00048273","SKYLINE RIDGE PRESERVE, CA US","37.3133","-122.185","691.9","2020-06-08","0.0",",,7,1600",,,"22.8",",,7","7.8",",,7"
"USC00048273","SKYLINE RIDGE PRESERVE, CA US","37.3133","-122.185","691.9","2020-06-09","0.0",",,7,1600",,,"28.3",",,7","13.9",",,7"
"USC00048273","SKYLINE RIDGE PRESERVE, CA US","37.3133","-122.185","691.9","2020-06-10","0.0",",,7,1600",,,"31.1",",,7","16.7",",,7"
"USC00048273","SKYLINE RIDGE PRESERVE, CA US","37.3133","-122.185","691.9","2020-06-11","0.0",",,7,1600",,,"27.8",",,7","12.2",",,7"
"USC00048273","SKYLINE RIDGE PRESERVE, CA US","37.3133","-122.185","691.9","2020-06-12","0.0",",,7,1600",,,"16.7",",,7","9.4",",,7"
"USC00048273","SKYLINE RIDGE PRESERVE, CA US","37.3133","-122.185","691.9","2020-06-13","0.0",",,7,1600",,,"18.3",",,7","8.3",",,7"
"USC00048273","SKYLINE RIDGE PRESERVE, CA US","37.3133","-122.185","691.9","2020-06-14","0.3",",,7,1600",,,"23.3",",,7","10.0",",,7"
"USC00048273","SKYLINE RIDGE PRESERVE, CA US","37.3133","-122.185","691.9","2020-06-15","0.0",",,7,1600",,,"22.8",",,7","9.4",",,7"
"USC00048273","SKYLINE RIDGE PRESERVE, CA US","37.3133","-122.185","691.9","2020-06-16","0.0",",,7,1600",,,"17.2",",,7","7.8",",,7"
"USC00048273","SKYLINE RIDGE PRESERVE, CA US","37.3133","-122.185","691.9","2020-06-17","0.0",",,7,1600",,,"26.1",",,7","11.7",",,7"
"USC00048273","SKYLINE RIDGE PRESERVE, CA US","37.3133","-122.185","691.9","2020-06-18","0.0",",,7,1600",,,"30.0",",,7","16.7",",,7"
"USC00048273","SKYLINE RIDGE PRESERVE, CA US","37.3133","-122.185","691.9","2020-06-19","0.0",",,7,1600",,,"28.9",",,7","17.8",",,7"
"USC00048273","SKYLINE RIDGE PRESERVE, CA US","37.3133","-122.185","691.9","2020-06-20","0.0",",,7,1600",,,"25.6",",,7","13.3",",,7"
"USC00048273","SKYLINE RIDGE PRESERVE, CA US","37.3133","-122.185","691.9","2020-06-21","0.0",",,7,1600",,,"26.7",",,7","16.1",",,7"
"USC00048273","SKYLINE RIDGE PRESERVE, CA US","37.3133","-122.185","691.9","2020-06-22","0.0",",,7,1600",,,"28.3",",,7","16.7",",,7"
"USC00048273","SKYLINE RIDGE PRESERVE, CA US","37.3133","-122.185","691.9","2020-06-23","0.0",",,7,1600",,,"30.0",",,7","17.8",",,7"
"USC00048273","SKYLINE RIDGE PRESERVE, CA US","37.3133","-122.185","691.9","2020-06-24","0.0",",,7,1600",,,"27.2",",,7","16.7",",,7"
"USC00048273","SKYLINE RIDGE PRESERVE, CA US","37.3133","-122.185","691.9","2020-06-25","0.0",",,7,1600",,,"26.7",",,7","13.9",",,7"
"USC00048273","SKYLINE RIDGE PRESERVE, CA US","37.3133","-122.185","691.9","2020-06-26","0.0",",,7,1600",,,"28.9",",,7","19.4",",,7"
"USC00048273","SKYLINE RIDGE PRESERVE, CA US","37.3133","-122.185","691.9","2020-06-27","0.0",",,7,1600",,,"27.2",",,7","10.6",",,7"
"USC00048273","SKYLINE RIDGE PRESERVE, CA US","37.3133","-122.185","691.9","2020-06-28","0.0",",,7,1600",,,"16.1",",,7","7.8",",,7"
"USC00048273","SKYLINE RIDGE PRESERVE, CA US","37.3133","-122.185","691.9","2020-07-01","0.0",",,7,1600",,,"23.3",",,7","10.6",",,7"
"USC00048273","SKYLINE RIDGE PRESERVE, CA US","37.3133","-122.185","691.9","2020-07-02","0.0",",,7,1600",,,"18.9",",,7","7.2",",,7"
"USC00048273","SKYLINE RIDGE PRESERVE, CA US","37.3133","-122.185","691.9","2020-07-03","0.0",",,7,1600",,,"25.6",",,7","11.7",",,7"
"USC00048273","SKYLINE RIDGE PRESERVE, CA US","37.3133","-122.185","691.9","2020-07-04","0.0",",,7,1600",,,"30.0",",,7","17.2",",,7"
"USC00048273","SKYLINE RIDGE PRESERVE, CA US","37.3133","-122.185","691.9","2020-07-05","0.0",",,7,1600",,,"29.4",",,7","18.3",",,7"
"USC00048273","SKYLINE RIDGE PRESERVE, CA US","37.3133","-122.185","691.9","2020-07-06","0.0",",,7,1600",,,"21.7",",,7","8.9",",,7"
"USC00048273","SKYLINE RIDGE PRESERVE, CA US","37.3133","-122.185","691.9","2020-07-07","0.0",",,7,1600",,,"26.7",",,7","8.3",",,7"
"USC00048273","SKYLINE RIDGE PRESERVE, CA US","37.3133","-122.185","691.9","2020-07-08","0.0",",,7,1600",,,"27.2",",,7","16.1",",,7"
"USC00048273","SKYLINE RIDGE PRESERVE, CA US","37.3133","-122.185","691.9","2020-07-09","0.0",",,7,1600",,,"30.0",",,7","13.9",",,7"
"USC00048273","SKYLINE RIDGE PRESERVE, CA US","37.3133","-122.185","691.9","2020-07-10","0.0",",,7,1600",,,"31.1",",,7","19.4",",,7"
"USC00048273","SKYLINE RIDGE PRESERVE, CA US","37.3133","-122.185","691.9","2020-07-11","0.0",",,7,1600",,,"34.4",",,7","20.6",",,7"
"USC00048273","SKYLINE RIDGE PRESERVE, CA US","37.3133","-122.185","691.9","2020-07-12","0.0",",,7,1600",,,"34.4",",,7","20.6",",,7"
"USC00048273","SKYLINE RIDGE PRESERVE, CA US","37.3133","-122.185","691.9","2020-07-13","0.0",",,7,1600",,,"22.8",",,7","10.6",",,7"
"USC00048273","SKYLINE RIDGE PRESERVE, CA US","37.3133","-122.185","691.9","2020-07-14","0.0",",,7,1600",,,"23.3",",,7","8.9",",,7"
"USC00048273","SKYLINE RIDGE PRESERVE, CA US","37.3133","-122.185","691.9","2020-07-15","0.0",",,7,1600",,,"25.6",",,7","11.1",",,7"
"USC00048273","SKYLINE RIDGE PRESERVE, CA US","37.3133","-122.185","691.9","2020-07-16","0.0",",,7,1600",,,"25.0",",,7","15.0",",,7"
"USC00048273","SKYLINE RIDGE PRESERVE, CA US","37.3133","-122.185","691.9","2020-07-17","0.0",",,7,1600",,,"26.1",",,7","14.4",",,7"
"USC00048273","SKYLINE RIDGE PRESERVE, CA US","37.3133","-122.185","691.9","2020-07-18","0.0",",,7,1600",,,"27.8",",,7","15.6",",,7"
"USC00048273","SKYLINE RIDGE PRESERVE, CA US","37.3133","-122.185","691.9","2020-07-19","0.0",",,7,1600",,,"25.6",",,7","15.0",",,7"
"USC00048273","SKYLINE RIDGE PRESERVE, CA US","37.3133","-122.185","691.9","2020-07-20","0.0",",,7,1600",,,"25.6",",,7","12.2",",,7"
"USC00048273","SKYLINE RIDGE PRESERVE, CA US","37.3133","-122.185","691.9","2020-07-21","0.0",",,7,1600",,,"26.7",",,7","13.3",",,7"
"USC00048273","SKYLINE RIDGE PRESERVE, CA US","37.3133","-122.185","691.9","2020-07-22","0.0",",,7,1600",,,"23.3",",,7","8.9",",,7"
"USC00048273","SKYLINE RIDGE PRESERVE, CA US","37.3133","-122.185","691.9","2020-07-23","0.3",",,7,1600",,,"23.9",",,7","8.9",",,7"
"USC00048273","SKYLINE RIDGE PRESERVE, CA US","37.3133","-122.185","691.9","2020-07-24","0.0",",,7,1600",,,"23.3",",,7","13.3",",,7"
"USC00048273","SKYLINE RIDGE PRESERVE, CA US","37.3133","-122.185","691.9","2020-07-25","0.0",",,7,1600",,,"27.2",",,7","12.8",",,7"
"USC00048273","SKYLINE RIDGE PRESERVE, CA US","37.3133","-122.185","691.9","2020-07-26","0.0",",,7,1600",,,"27.2",",,7","17.2",",,7"
"USC00048273","SKYLINE RIDGE PRESERVE, CA US","37.3133","-122.185","691.9","2020-07-27","0.0",",,7,1600",,,"27.8",",,7","18.9",",,7"
"USC00048273","SKYLINE RIDGE PRESERVE, CA US","37.3133","-122.185","691.9","2020-07-28","0.0",",,7,1600",,,"29.4",",,7","18.9",",,7"
"USC00048273","SKYLINE RIDGE PRESERVE, CA US","37.3133","-122.185","691.9","2020-07-29","0.0",",,7,1600",,,"28.9",",,7","19.4",",,7"
"USC00048273","SKYLINE RIDGE PRESERVE, CA US","37.3133","-122.185","691.9","2020-07-30","0.0",",,7,1600",,,"29.4",",,7","16.7",",,7"
"USC00048273","SKYLINE RIDGE PRESERVE, CA US","37.3133","-122.185","691.9","2020-07-31","0.0",",,7,1600",,,"28.9",",,7","17.8",",,7"
"USC00048273","SKYLINE RIDGE PRESERVE, CA US","37.3133","-122.185","691.9","2020-08-08","0.0",",,H,1600",,,"28.3",",,H","16.7",",,H"
"USC00048273","SKYLINE RIDGE PRESERVE, CA US","37.3133","-122.185","691.9","2020-08-09","0.0",",,H,1600",,,"30.6",",,H","20.0",",,H"
"USC00048273","SKYLINE RIDGE PRESERVE, CA US","37.3133","-122.185","691.9","2020-08-10","0.0",",,H,1600",,,,,,
"USC00048273","SKYLINE RIDGE PRESERVE, CA US","37.3133","-122.185","691.9","2020-08-11","0.0",",,H,1600",,,"25.6",",,H","16.7",",,H"
"USC00048273","SKYLINE RIDGE PRESERVE, CA US","37.3133","-122.185","691.9","2020-08-12","0.0",",,H,1600",,,"32.2",",,H","17.8",",,H"
"USC00048273","SKYLINE RIDGE PRESERVE, CA US","37.3133","-122.185","691.9","2020-08-25","0.0",",,H,1600",,,"25.0",",,H","16.1",",,H"
"USC00048273","SKYLINE RIDGE PRESERVE, CA US","37.3133","-122.185","691.9","2020-08-26","0.0",",,H,1600",,,"26.1",",,H","16.1",",,H"
"USC00048273","SKYLINE RIDGE PRESERVE, CA US","37.3133","-122.185","691.9","2020-08-29","0.0",",,H,1600",,,"26.7",",,H","17.8",",,H"
"USC00048273","SKYLINE RIDGE PRESERVE, CA US","37.3133","-122.185","691.9","2020-08-30","0.0",",,H,1600",,,"28.3",",,H","17.2",",,H"
"USC00048273","SKYLINE RIDGE PRESERVE, CA US","37.3133","-122.185","691.9","2020-09-06","0.0",",,H,1600",,,"38.9",",,H","26.7",",,H"
"USC00048273","SKYLINE RIDGE PRESERVE, CA US","37.3133","-122.185","691.9","2020-09-07","0.0",",,H,1600",,,"39.4",",,H","26.7",",,H"
